ID,FullName
3685,Mia Lee
4698,Eli Anderson
4645,Alex White
8459,Chris Lee
8774,Ava Taylor
2494,Finn Martinez
6613,Ava Martinez
1501,Olivia Jackson
7463,Paul Walker
7963,Grace Sanchez
9940,Zoe Davis
2151,Ben Brown
7753,Alex Martin
7212,Finn Clark
1294,Diana White
6682,Zoe Harris
6424,Ryan Wilson
1589,Zoe Johnson
8003,Paul Gonzalez
8822,Ella Wilson
6378,Lucas Martinez
8414,Mia Johnson
4431,Grace Williams
3805,Hannah Anderson
7773,Mason Thompson
7216,Ben Jones
6704,Jake Moore
7223,Ryan Thomas
5603,Chloe Wilson
4440,Chloe Johnson
4000,Eli Martinez
2804,Tyler Brown
9446,Jake Jackson
9344,Ethan Gonzalez
2729,Eli Taylor
5727,Liam Hernandez
2641,Jake Moore
7662,Liam Smith
9934,Zoe Jones
3325,Ella Moore
3476,Leo Sanchez
3648,Eli Williams
1065,Ethan Miller
6182,Nora Davis
6982,Ian Jackson
6554,Mia Jones
5023,Ben Anderson
3466,Alex Ramirez
4430,Eli Anderson
3513,Ella Jones
6748,Eli Perez
6285,Paul Jones
3111,Ryan Williams
7546,Mia Taylor
6271,Mason Davis
5129,Tyler Miller
4617,James Thomas
4162,Sophia Davis
9847,Chloe Hernandez
3950,Ben Thompson
5263,Ian Martinez
2455,Sophia Ramirez
2577,Leo Lee
4001,Sophia Martin
6122,Sophia Wilson
3980,Mason Lewis
1268,Diana Garcia
5495,Chloe Wilson
8800,Noah Perez
7004,Ian Lee
1989,Tyler Smith
9460,Liam Rodriguez
5932,Lucas Taylor
7090,Ben Lopez
5634,Ethan White
1314,James Rodriguez
8751,Ella Jones
8331,Eli Taylor
6686,Ryan Williams
6961,Zoe Thompson
1650,Tyler Smith
5143,Jake White
5716,Kate Anderson
3891,Diana Davis
8854,Chloe Clark
2205,Hannah Thompson
7438,Quinn Jackson
3401,Kate Clark
5897,Zoe Thompson
3407,Paul Taylor
2038,Ella Thompson
8624,Liam Lee
3710,Diana Walker
8175,Hannah Anderson
5711,Alex Lopez
7450,Mason Clark
8618,Ethan Garcia
9449,Finn Sanchez
9862,Ryan Thomas
1449,Grace Wilson
6684,Tyler Hernandez
2606,James Anderson
4077,Olivia Anderson
4606,Hannah Martinez
6809,Grace Sanchez
1966,Paul Thomas
1140,Chris Harris
6319,Finn Lopez
4496,Leo Gonzalez
9726,Ava Gonzalez
6054,Nora Smith
4730,Diana Smith
3586,Ella Taylor
9117,Leo Harris
5312,Ava Martinez
1543,Ava Jones
6019,Ava Wilson
6868,Mason Thomas
2058,Mia Brown
3294,Kate Williams
7716,James Anderson
8744,Noah Hernandez
2905,Diana Walker
2137,Ethan Lopez
5079,Ava Gonzalez
2115,Ryan Johnson
3323,Diana Davis
5610,Ava Lopez
1375,Ethan Perez
9962,Eli Miller
4953,Eli Hernandez
3673,Lucas Ramirez
8679,Ella Johnson
9578,Olivia Johnson
7501,Chloe Davis
2349,Olivia Thompson
8424,John Olympia
8527,Ella Brown
1512,Zoe Perez
7801,Kate Garcia
1206,Liam Wilson
9461,Ian Martin
2230,Quinn Martinez
9588,Jake Harris
9467,Alex Jones
9062,Ben Harris
3387,Lucas Moore
2319,Mason Wilson
7941,Alex Lewis
4375,Quinn White
5501,Ben Gonzalez
9727,Hannah Miller
2622,Grace Brown
9710,Nora Rodriguez
3638,Ava Martinez
2505,James Walker
4642,Ian Smith
3467,Tyler Martinez
3143,Diana White
7683,Finn Harris
3071,Ben Martinez
4587,Ava Martin
5227,Lucas Clark
5273,Diana Hernandez
1286,Chris Thomas
5307,Ben Rodriguez
1394,Kate White
9689,Paul Miller
2022,Kate Lewis
3857,Ryan Jones
8307,Ella Moore
5081,Ava White
1839,Eli Williams
1940,Finn Davis
5924,Jake Jones
9455,Alex Rodriguez
7510,Tyler Brown
7718,Alex Thompson
4129,Olivia Jones
4364,Mason Williams
8088,Liam Perez
3867,Ava Miller
1156,Tyler Ramirez
4823,Hannah Lewis
3846,Jake Martin
7920,Grace Perez
4413,Mason Harris
2269,Ryan Martin
8850,Grace Moore
3169,Liam Sanchez
3772,Mia Jones
2827,Ava Williams
8550,Leo Thompson
9431,Diana Harris
7404,Olivia Sanchez
1552,Ethan Anderson
8493,Chloe Thomas
1235,Olivia Rodriguez
3344,Eli Harris
2082,Jake Miller
8927,Paul White
3258,Quinn Hernandez
6178,Ryan Lee
4679,Zoe Thompson
5598,Tyler Thompson
4794,Zoe Lewis
3636,Diana Martin
5155,Paul Brown
3958,Zoe Davis
3175,Lucas Hernandez
8240,Olivia Sanchez
4382,Zoe Sanchez
3274,Jake Wilson
4355,Paul White
9642,Liam Walker
1349,Olivia Hernandez
6522,Lucas Moore
2715,Lucas Brown
6342,Finn Walker
4911,Nora Brown
2959,Olivia Wilson
1947,Quinn Walker
3067,Ian Anderson
9010,Paul Jackson
8400,Ben Garcia
3933,Tyler Martinez
3628,Tyler Ramirez
3598,Ella Clark
8897,Nora Lee
3983,Noah Harris
3205,Diana Clark
3474,James Williams
8882,Kate Hernandez
2686,Nora Jones
8964,Ethan Perez
2880,Zoe Garcia
7059,Noah Ramirez
5842,Ryan Wilson
4089,Mia Ramirez
6108,Nora Miller
1778,Lucas Wilson
5568,Grace Lopez
5095,Tyler Garcia
4025,Tyler Thompson
8922,Hannah Perez
4270,Ian Jones
6365,Ella Walker
9985,Chris Martin
8480,Liam Jones
3278,Grace Davis
9625,Kate Anderson
9497,Ben Rodriguez
5748,Alex Smith
2878,Mason White
7058,Tyler Miller
5990,Sophia Brown
8582,Mason Rodriguez
3987,Paul Ramirez
5142,Chris Clark
5072,Diana Taylor
3434,Mason Rodriguez
7844,Paul Wilson
9208,Liam White
4484,Tyler Lewis
3206,James Taylor
5502,Diana Sanchez
6974,Olivia Gonzalez
6253,Sophia Williams
4265,Noah Martin
1760,Ben Gonzalez
7169,Alex Wilson
3045,Ella Johnson
2614,Sophia Jackson
9834,Quinn Thompson
7464,Mia Thomas
2717,Mia Davis
3315,Ryan Williams
4337,Hannah Martin
2578,Noah Brown
5057,Chris Moore
9105,Liam Clark
9164,Mia Sanchez
3938,Ethan Johnson
7244,Noah Moore
5194,Alex Miller
3718,Ava Thompson
6693,Ella Harris
3808,Chris Clark
1098,Quinn Walker
2713,Sophia Davis
9157,Liam Jackson
9599,Olivia Lee
6375,Tyler Jackson
5174,Jake Clark
5983,Hannah Smith
3729,Leo Jones
3078,James Rodriguez
3054,Ryan Hernandez
5953,Hannah Ramirez
5926,Chris Clark
9648,Nora Miller
4921,Zoe Thompson
4255,Ryan Clark
7173,Nora Martin
2178,Jake Garcia
6292,Liam Sanchez
8732,Chloe Lee
5796,Finn Gonzalez
1271,Chris Hernandez
5378,Eli Harris
5549,Grace Smith
2746,Chloe Jones
3251,Ethan Moore
3876,Chris Harris
6096,Olivia Moore
4537,Tyler Miller
5030,Ben Lopez
6476,Grace Garcia
6607,Leo White
7175,Ian Lopez
7443,Ava Martinez
1076,Chris Williams
6126,Kate Williams
8132,Zoe Jackson
8412,Quinn Miller
2612,Tyler Lopez
9579,Ben Jones
2266,Mason Anderson
3444,Leo Thomas
3702,Paul Perez
1590,Chris Jackson
7620,Ava Jones
7705,Jake Garcia
9531,Kate Hernandez
8048,Ian Anderson
6585,Olivia Harris
6960,Ava Martin
8356,Tyler Williams
2432,Chloe Gonzalez
9370,Olivia Anderson
6953,Chloe Sanchez
5327,Ian Sanchez
6042,Mason Brown
2201,Ella Gonzalez
4667,Mia Davis
9187,Quinn Lee
7121,Ella Lopez
5883,Hannah Taylor
1478,Kate White
3600,Mason Johnson
5021,Hannah Williams
1052,Grace Taylor
6336,Finn Jackson
1751,Liam Walker
6782,Alex Sanchez
6160,Mia Moore
3116,Paul Sanchez
8715,Lucas Rodriguez
8623,Ava Miller
8461,James Williams
7151,Olivia Moore
4393,Ryan Wilson
3269,Leo Walker
9082,Eli Jones
2850,Chloe Perez
3703,Sophia Moore
5356,Mia Williams
1511,Mia Jones
3324,Finn Moore
4767,Chloe Thomas
3043,Diana Wilson
1028,Ryan Smith
7654,Sophia Perez
8681,Kate Moore
7743,Hannah Gonzalez
6803,Tyler Clark
1960,Noah Harris
3541,Ava Martinez
4040,Mia Harris
5643,Olivia Williams
9530,Ben Thomas
8430,Ethan Moore
5308,Chloe Harris
1818,Ava Thomas
6485,Diana Smith
5762,Grace Garcia
9660,Sophia White
4926,Ian Perez
3952,Tyler Lee
4756,Jake Johnson
1637,Lucas Smith
9916,Ben Martinez
6680,Chloe Martinez
2533,Chloe Hernandez
5359,Mia Harris
7486,Hannah Johnson
4972,Ben Hernandez
4628,Kate Clark
6722,Liam Garcia
4739,Mason Davis
7144,Chloe Jones
1683,James White
5925,Ethan Clark
1318,Nora Ramirez
6541,Zoe Clark
8995,Ryan Miller
6739,Leo Hernandez
1312,Chloe Lee
4728,Eli Gonzalez
9500,Ella Walker
9637,Leo Martinez
3755,Mia Smith
6135,Ella Walker
4163,Hannah Jackson
9478,Finn Davis
5577,Hannah Wilson
6120,Ethan Gonzalez
2932,Ava White
2112,Hannah Martinez
8583,Chloe Taylor
2451,Grace Ramirez
6575,Alex Miller
2226,Chloe Thomas
5601,Leo Walker
8867,Ryan Smith
9707,Quinn Rodriguez
7637,Chris Smith
6569,Lucas Garcia
1691,James Thompson
6902,Diana Anderson
3706,Hannah Walker
6330,Zoe Lopez
8145,Kate Wilson
2243,Diana Martinez
4434,Mason Taylor
6941,Finn Miller
1559,Ava Anderson
6602,Ian Taylor
9463,Quinn Johnson
9419,Mia Martinez
8872,Ian Lopez
7433,Alex Sanchez
1572,Jake Anderson
4217,Kate Ramirez
7138,Mia Jackson
2188,Ben Ramirez
1785,Nora Thomas
6736,Kate Hernandez
2247,Mia Brown
4437,Noah Hernandez
2337,Eli Miller
5247,Chris Miller
3788,Tyler Ramirez
6490,Grace Walker
3452,Noah Clark
3223,Olivia Martin
8191,Ella Anderson
2309,Quinn Johnson
2100,Ryan Anderson
1102,Olivia Garcia
3381,Zoe Taylor
6701,Ethan Williams
6220,Mia Martinez
2997,Jake Wilson
1810,Sophia Gonzalez
6912,Ian Brown
7652,Chloe Williams
7243,Alex Thompson
8858,Ian White
1412,Leo Rodriguez
7458,Ava Gonzalez
8273,Ella Johnson
6023,Eli Davis
2668,James Thompson
1746,Paul Ramirez
7378,Lucas Williams
5082,Ava Clark
3837,Mason Anderson
3832,Quinn Jones
5874,Nora Lopez
2213,Ella Harris
5533,Lucas Perez
2235,Leo Gonzalez
3402,Leo Jones
4613,Alex Lopez
3177,Chloe Jackson
7822,Hannah Lee
2670,Chloe Lee
8028,Liam Gonzalez
3237,Olivia Jackson
5036,Ben Rodriguez
4426,Liam Williams
7023,Kate Hernandez
8353,Ian Lee
4481,Olivia Garcia
2945,Noah Lopez
9297,Kate White
9180,Ben Anderson
9244,Chris Wilson
5284,Quinn Gonzalez
4629,Chris Clark
7101,Mia Davis
8041,Grace Davis
5443,James Thomas
5836,James White
7499,Zoe Martin
5237,Diana Harris
1416,Liam Brown
8485,Quinn Smith
8207,Tyler Clark
7746,Lucas Rodriguez
2364,Ella Thompson
3065,James Garcia
2385,Kate Sanchez
5139,Chris Taylor
7112,Grace Jones
9302,Zoe Williams
1445,Zoe Miller
4908,Jake Jackson
4792,Ethan Thompson
6698,Alex Anderson
1368,Liam Anderson
6427,Ella Jackson
5805,Mason Thomas
2153,Sophia Lewis
1439,Sophia Hernandez
4805,Mia Smith
5201,Mason Clark
6615,Nora White
8718,Chloe Martin
4197,Noah Anderson
3238,Paul Harris
8042,Ella Perez
3587,Chloe Sanchez
3400,Eli Harris
2770,Ben Smith
9967,Hannah Clark
1016,Jake Anderson
7274,Diana Brown
7688,Nora Clark
9548,Tyler Hernandez
5544,Ava Moore
7367,Liam Lee
4313,Ryan Ramirez
1674,Noah Davis
4117,Chloe Clark
8289,Ava Brown
3327,Ella Smith
8808,Chris Thomas
6749,Quinn Hernandez
9024,Mason Smith
7012,Ella Martin
9603,Leo Thomas
5894,Ryan Martinez
9832,Ella Lee
2356,Zoe Lopez
8045,Ian Rodriguez
5575,James Harris
1370,Ethan Moore
6009,Olivia Wilson
6897,Olivia Perez
5713,Finn Lee
9081,Ryan Jackson
7145,Ian Harris
2293,James White
3742,Alex Hernandez
4261,Lucas Hernandez
3378,Eli Garcia
4259,Jake Garcia
6437,Grace Wilson
6468,Ian Moore
6959,Alex Ramirez
2992,Ryan Thomas
6238,Ethan Anderson
7883,Olivia Wilson
1074,Chris Rodriguez
9481,Mia Sanchez
4825,Mason Miller
9532,Ben Taylor
2164,Tyler Rodriguez
1451,Chris Sanchez
6662,Noah Wilson
6293,Leo Gonzalez
2169,Chloe Williams
9839,Noah Walker
2768,Ella Davis
6938,Noah Wilson
5540,Eli Sanchez
6194,Alex Martin
5181,Liam Lopez
6587,Lucas Williams
5488,Tyler Sanchez
6531,Quinn Wilson
6484,Ian Wilson
4899,Chloe Walker
8693,Tyler Lee
3904,Noah Smith
6458,Ethan Williams
9163,Quinn Rodriguez
1255,Mason Smith
1221,Chloe Brown
4238,Ben Ramirez
4849,Liam Hernandez
3151,Ethan Garcia
9620,Ethan Johnson
6364,Liam Martinez
7033,Olivia Harris
8198,Kate Perez
8300,Liam Thomas
7416,Alex Moore
4755,Paul Miller
1367,Hannah Martin
7528,Diana Thompson
4673,Mia Martinez
4092,Ella Martinez
2608,Chloe Smith
7075,Ethan Ramirez
1853,Mason Garcia
1176,Zoe Williams
3091,Mia Thompson
8973,Kate Harris
1932,Chris Rodriguez
2444,Leo Garcia
3717,Mason Smith
7237,Alex Smith
3367,Mia Jones
6425,Ella Perez
5144,Sophia Johnson
8405,Mason Garcia
5270,Mason Jones
2006,Diana Clark
7808,Kate Davis
4686,Sophia Williams
8021,Quinn Wilson
3395,Liam Wilson
2638,Lucas Gonzalez
6254,Paul Jackson
8545,Chloe Johnson
1935,Noah Lewis
7723,Alex Gonzalez
6966,Nora Anderson
1197,Grace Miller
8592,Finn Ramirez
4718,Eli Miller
5322,Chris Anderson
7802,Ben Sanchez
1858,Ella Wilson
6816,Ian Thompson
8926,Zoe Davis
4874,Mason Perez
9700,Eli Moore
9021,Noah Miller
1083,Ella Ramirez
2706,Ella Jones
4185,Ava Lee
7950,Ben White
1974,Kate Miller
8494,Chloe Garcia
9110,Ella Lopez
9884,Grace Miller
4457,Liam Moore
8274,James Jones
4476,Paul Thomas
3163,Paul Jones
1097,Sophia Hernandez
9325,Mia Brown
4691,Ava Jones
7978,Leo Davis
7332,Nora Johnson
3826,Ryan Garcia
5636,Ian Jones
8122,Ethan Moore
1707,Mason Anderson
3553,Ella Rodriguez
6109,Nora Ramirez
8285,Lucas Martin
1773,Sophia Taylor
8514,Chris Jackson
7798,Paul Brown
2092,Lucas Lewis
6077,Olivia Lee
8269,Quinn Smith
5486,Leo Clark
6592,Ian Lee
5864,Olivia Martinez
9729,Quinn Walker
1716,Quinn Rodriguez
5463,Sophia Jackson
3701,Ben Thomas
1372,Paul White
1915,Mia Williams
5969,Sophia Walker
2954,Grace Rodriguez
5345,Leo Harris
4299,Paul Thompson
1834,Liam Walker
2113,Hannah Ramirez
8670,Ava Taylor
4488,Ella Davis
2891,Chris Smith
4189,Lucas Sanchez
8846,Ian Garcia
4057,Mia Brown
5695,Lucas Brown
3190,Kate Sanchez
8879,Ben Rodriguez
3481,Alex Sanchez
8210,Hannah Jones
4302,Ryan Lee
4175,Mia Jackson
9549,Alex Martin
4697,Chris Lopez
2329,Liam Lewis
1162,Olivia Thomas
4554,Ben Lee
2059,Ian Martinez
6631,Ian Hernandez
6247,Grace Perez
8443,Noah Hernandez
7615,Mia Johnson
6450,Zoe Garcia
6218,Hannah Johnson
4656,Eli Sanchez
9203,Ben Jones
3038,Liam Martinez
5243,Lucas Wilson
8643,Quinn Davis
3858,Chloe Williams
2181,Leo Jackson
8332,Quinn Lopez
6555,Ryan Jackson
7013,Ella Miller
9067,Ben Hernandez
5253,Olivia Jackson
6617,James Garcia
2370,Ben Lee
2690,Paul Anderson
8955,Ryan Walker
1390,Grace Garcia
9131,Hannah Perez
7346,Sophia Jackson
4140,Mason Davis
4317,James Clark
3101,Chris Hernandez
7247,Ryan Martinez
5546,Ben Hernandez
2175,Ava Perez
5019,Noah Clark
7420,Olivia Harris
7872,Lucas Anderson
4832,Jake Rodriguez
8355,Eli Garcia
8043,Zoe Thomas
6784,James Walker
6917,Chloe Jones
1022,Sophia Moore
6069,Tyler Anderson
5145,Leo Anderson
7258,Paul Moore
4944,Ian Wilson
1021,Ryan Lee
9289,Eli Lewis
5886,Leo Anderson
1135,Nora Jackson
6580,Alex Martin
3006,Jake Johnson
6627,Noah Lee
7995,Ben Thompson
1551,Mia Moore
7979,Nora Harris
3693,Hannah Johnson
9568,Lucas Gonzalez
4436,Ethan Walker
5723,Liam Thompson
7885,Ben Moore
9363,Diana Martinez
3793,Jake Brown
2702,Mason Williams
5384,Noah Lopez
3262,Diana Lopez
3342,Jake Ramirez
9561,Chris Rodriguez
7074,Chloe Jackson
2931,Quinn Sanchez
5829,Grace Clark
4491,Paul Rodriguez
3004,Tyler Jackson
4760,Alex Rodriguez
4015,Leo Thompson
8928,Hannah Thompson
7957,Ethan Brown
7901,Hannah Smith
5587,Grace Lopez
6762,Lucas Sanchez
2311,Ian Garcia
6932,Grace Clark
3770,Quinn Martinez
8401,Chris Smith
2325,Kate Lee
6496,Kate Lewis
6671,Ben Hernandez
3243,Alex Rodriguez
3661,Ella Martin
4631,Kate Hernandez
7999,Jake Martinez
3374,Olivia Martinez
2974,Olivia Sanchez
4549,Eli Smith
4131,Ava Lewis
7576,Finn Taylor
5255,Ian Martin
5697,Chris Brown
6757,Alex Lewis
9009,Mason Walker
3927,Mia Lee
7454,Grace Anderson
5016,Ava Perez
6142,Ben Thompson
5449,Alex Perez
4855,Jake Thomas
9185,Ben Wilson
4358,Ian Lewis
4962,Tyler Lewis
1745,Ian Hernandez
2873,Hannah Smith
7622,Ryan Jones
8265,Hannah Gonzalez
2251,Olivia Garcia
4432,Hannah Williams
9590,Alex Sanchez
7040,Ben Miller
4068,Leo Martinez
6841,James Jackson
2937,Diana Martin
4379,Quinn Miller
4790,Alex Wilson
7702,Alex Sanchez
1781,Sophia Johnson
9364,Finn Thompson
4028,Noah Davis
4211,Kate Jackson
7239,Ella Ramirez
8907,Ryan Garcia
4672,Jake Lopez
8543,Ben Harris
2434,Ella Thomas
2673,Ethan White
6632,Zoe Hernandez
4033,Alex Gonzalez
1414,Eli Lewis
3538,Jake Martinez
5498,Mason Smith
4958,Nora Harris
9294,Kate Davis
4354,Paul Gonzalez
5660,Mia Brown
3389,Ben Moore
4097,Olivia Brown
6604,Mason Gonzalez
4486,Chris Taylor
6832,Jake Lopez
7050,Sophia Lewis
5736,Zoe Smith
2070,Jake Thompson
2914,Olivia Williams
7908,Ian Thomas
5637,Mason Taylor
8805,Chris Thomas
6741,Ryan Walker
8776,Finn Moore
6814,Mason Walker
3712,Mason Anderson
2101,Eli Gonzalez
3708,Chris Garcia
5041,Jake Smith
7377,Grace Taylor
8385,Leo Anderson
9152,Jake Johnson
9075,Zoe Anderson
8444,Grace Lee
3182,Leo Lewis
7489,Mia Jackson
9628,Ethan Thompson
3697,Chloe Brown
8716,Ryan Thomas
3503,Zoe Smith
9401,Liam Moore
5645,Quinn Walker
7670,Grace Moore
7284,Mason Ramirez
1079,Lucas Martinez
1518,Leo Davis
9669,Ethan Harris
6320,Eli Williams
2106,Ryan Taylor
7338,Chris Moore
8253,Olivia Lopez
9093,Noah Jackson
6882,Ethan White
7919,Ben Thompson
7086,Finn Sanchez
8959,Eli Taylor
7852,Ben Anderson
1044,Ryan Gonzalez
8157,Sophia Walker
2298,Paul Thompson
4572,Mason Anderson
5047,Chris Thompson
5621,Mia Lopez
1633,Alex Williams
8069,Ben White
2002,Alex Martinez
7340,Grace Gonzalez
2874,Ben Miller
5212,Ava Thomas
6465,Liam Wilson
8935,Tyler Walker
9687,Diana Garcia
5632,Jake Harris
6983,Eli Lee
7485,James Lewis
9813,Lucas Taylor
2872,Ava Lopez
8919,Ben Williams
8073,Finn Harris
2035,Paul Thompson
9995,Mia Harris
9480,Liam White
8720,Zoe Martinez
2452,Chloe Rodriguez
3427,Ian Perez
1665,Olivia Jones
2476,Zoe Taylor
1233,Grace Jones
3613,Eli Martinez
1487,Ian Davis
8185,Jake Johnson
6505,Mason Moore
1320,Olivia Moore
2602,Nora Brown
1289,Paul Sanchez
8149,Ian Hernandez
3368,James Martinez
8880,Quinn Martin
5364,Mia Taylor
4356,Kate Williams
2117,Noah Moore
2314,Mia Lewis
4055,Chloe Thompson
8421,Alex White
2951,Ian Martinez
6605,Sophia Miller
1554,James Miller
2565,Grace Brown
2376,Ryan Davis
8346,Jake Hernandez
1470,Ava Harris
1437,Kate Clark
5404,Grace Jackson
3596,Ben Johnson
7498,Ava Lee
7992,Liam Perez
5902,Sophia Sanchez
7841,Grace Williams
4876,Finn Anderson
4378,Ella Lee
3592,Ian Walker
1857,Liam Wilson
3332,Alex Lee
2843,Diana Garcia
4062,Liam Thomas
3157,Olivia Rodriguez
8601,Zoe Moore
9720,Nora White
8547,Grace Martinez
4222,Nora Miller
5687,Ella Lee
1284,Chloe Lopez
9616,Liam Walker
5161,Diana Moore
1130,Ben Martin
7837,Eli Lewis
6305,James Hernandez
1486,Diana Ramirez
2866,Leo Miller
7656,Ryan Walker
2060,Chris White
7760,Ian Hernandez
2712,Sophia Taylor
9235,Quinn Perez
6112,Liam Thompson
7297,Hannah Wilson
7063,Mason Jackson
6958,Liam Lopez
5922,Alex Hernandez
6909,Noah Davis
8410,Chris Brown
5452,Mason Hernandez
3271,Eli Hernandez
9960,Lucas Thomas
2684,Nora Jones
2333,Jake Ramirez
5639,Nora Sanchez
4164,Grace Smith
2537,Diana Williams
3868,Ben Thompson
5947,Ian Williams
6352,Ben Miller
7750,Zoe Martin
6778,Grace Sanchez
1035,Quinn Perez
1826,Sophia Lewis
2993,Mason Rodriguez
3765,Diana Lee
5233,Olivia Moore
7030,Eli Walker
2598,Paul Lewis
5061,Nora Thompson
8625,Mason Wilson
7658,Ella Johnson
1341,Noah Moore
6674,Ian Lewis
9958,Leo Miller
9116,Kate Johnson
7845,Eli Lopez
5624,Olivia White
9762,Liam Thompson
1984,Ben Ramirez
1256,Ethan Rodriguez
1096,Chris Walker
9190,Jake Jones
5321,Eli Taylor
8469,Diana Lee
2523,Ava Hernandez
7587,Kate Garcia
7636,James Ramirez
1867,Diana Smith
1496,Chris Lee
8188,Grace Taylor
8925,Hannah Jones
2084,Ethan Brown
2674,Ella Clark
3442,Kate Thomas
4251,Mason Harris
2892,Quinn Anderson
9115,Tyler Taylor
9341,Nora Jackson
1171,Finn Williams
1550,Zoe Gonzalez
6281,Ryan Garcia
1605,Eli Williams
6429,Kate Hernandez
4264,Kate Ramirez
5682,Paul Anderson
9007,Leo Miller
8292,Ethan Anderson
6992,Zoe Garcia
6547,Nora Johnson
3504,Grace Davis
2047,James Miller
7523,Quinn Anderson
8818,Sophia Gonzalez
9915,Chris Miller
5482,Hannah Wilson
4039,Ethan Lee
3812,Eli Clark
1801,Grace Martinez
1505,Ethan Ramirez
5847,Hannah Perez
1080,Ian Martinez
7558,Chris Harris
2603,Grace Thompson
8018,Kate Martin
8153,Grace Lewis
1920,Grace Martinez
3882,Ella Davis
3455,Grace Taylor
5281,James Walker
5906,Tyler Johnson
6591,Nora Rodriguez
7947,Sophia White
3328,Nora Brown
8372,Liam Gonzalez
7906,Jake Rodriguez
5424,Diana White
5510,Noah Williams
7797,Noah Lee
5432,Eli Smith
8077,Chloe Brown
3158,Lucas Taylor
3713,Ella Garcia
1467,James Taylor
4930,Ethan Brown
9393,Tyler Gonzalez
2621,Alex Gonzalez
9399,Ava Johnson
6198,Eli Jackson
8990,Quinn Jones
4579,Paul Moore
2794,Alex Hernandez
5340,Eli White
4543,Ben Ramirez
3319,Finn Lewis
9754,Leo Martin
8492,Kate Brown
1040,Liam Miller
5516,Eli Taylor
6850,Paul Hernandez
9822,Olivia Moore
8588,Finn Garcia
7759,Ava White
3239,Sophia Davis
3531,Lucas Garcia
7985,Nora Sanchez
9296,Ben Taylor
8766,Jake Johnson
9610,Kate Thomas
7429,Chloe Jackson
1400,Ava White
3064,Liam Jones
9084,Chris Harris
6944,Ella Gonzalez
2941,Ben Lopez
4058,Ryan Smith
4063,Sophia Miller
2518,Diana Williams
8589,Quinn Taylor
9242,Ella Moore
8222,James Jackson
7028,Lucas Brown
6462,Nora Lee
1739,Ella Clark
8540,Leo Ramirez
6825,Kate Jones
4797,Liam Thomas
8609,Ella Moore
2228,Kate Johnson
9029,Paul Moore
4206,Jake Smith
6431,Lucas Thompson
2097,Mason Miller
5109,James Garcia
9283,Mason Clark
3962,James Rodriguez
6359,Jake Brown
9702,Nora Sanchez
6872,Ella Hernandez
5373,Lucas Lopez
5689,Sophia Miller
3529,Grace Williams
5970,Nora Thomas
6933,Ian Thomas
8161,Lucas Lewis
8439,Kate Anderson
3138,Leo Jackson
3534,Ethan Johnson
2162,Zoe Jones
7741,Finn Brown
5605,Ella Garcia
1334,Eli Martin
2339,Diana Thompson
4503,Mason Gonzalez
8063,Ethan Davis
6892,Ethan Moore
9260,Leo Moore
7568,Sophia Moore
4702,Diana Clark
6308,Leo Thomas
7422,Grace Clark
6727,Ethan Anderson
8586,Grace Taylor
8692,Ella Martinez
6923,Alex Hernandez
1086,Quinn Jones
4043,Grace Ramirez
2733,Noah Hernandez
1443,Alex Thompson
3726,Chris Miller
1201,Ben Wilson
8322,Zoe Hernandez
1325,Ian Wilson
7398,Nora Lee
9381,Ryan Gonzalez
8885,Diana Sanchez
8630,Eli Lee
4928,Zoe Williams
5916,Grace Garcia
7971,Mia Johnson
2631,Hannah Smith
1498,Quinn Perez
6210,Jake Martin
4297,Chloe Jones
9429,Jake Brown
3044,Alex Williams
3918,Diana Garcia
8697,Diana Brown
9533,Liam Hernandez
6003,Grace Rodriguez
2313,Chris Moore
5731,Ian Williams
3215,Chris Taylor
2783,Chris Ramirez
3841,Diana Martin
7166,Ava Anderson
4649,Eli Thompson
3963,Zoe Martin
3098,Diana Miller
9931,Leo Lewis
2625,Zoe Gonzalez
3219,Chloe Jones
5228,Sophia Hernandez
4406,Liam Hernandez
2015,Olivia Ramirez
2177,Ella Harris
3666,Ella Ramirez
2430,Grace Jackson
3377,Ethan Williams
9305,Liam Thomas
6114,Noah Moore
7115,Ben Jones
7918,Ethan Thompson
2322,Leo Lopez
6899,Grace Garcia
3947,James Miller
8611,Sophia Harris
5405,Quinn Martin
5107,Finn Garcia
1975,Hannah Gonzalez
5891,Quinn Gonzalez
5978,Lucas Sanchez
3012,Grace Smith
7275,Chris Rodriguez
8306,Diana Sanchez
8956,Liam Wilson
8906,Lucas Johnson
7859,Liam Lee
3486,Noah Perez
7605,Leo Garcia
7734,Hannah Thompson
7664,Liam Miller
4420,Ella Harris
6563,Sophia Ramirez
4601,Mia Anderson
3462,Nora Harris
1183,Liam Miller
9803,Noah Gonzalez
1392,Jake Anderson
3939,Quinn Perez
3159,Sophia Smith
1517,Sophia Rodriguez
8342,Ava Hernandez
2699,Chloe Williams
8407,Hannah White
2590,Diana Walker
9321,Ella Williams
9324,Zoe Brown
4761,Mia Martin
1413,Mia Davis
8364,Eli Lewis
7755,Chris Hernandez
7940,Tyler Thomas
1342,Lucas Garcia
4553,Ben Anderson
9282,James Walker
1387,Ben Moore
6118,Mason Thompson
6441,Paul Harris
5288,Leo Wilson
4948,Ian Clark
7722,Ian Johnson
2681,Leo Martin
1280,Chloe Martinez
4359,Jake Martinez
8840,Lucas Garcia
9788,Hannah Martinez
5955,James Williams
9447,Hannah Brown
1885,Olivia Moore
2883,Zoe Clark
2886,Hannah Hernandez
7302,Ian Anderson
3495,Ian Wilson
3632,Grace Thomas
9018,James Clark
6028,Ryan Taylor
7330,Alex Martin
7607,Ben Ramirez
8781,Sophia Johnson
4709,Eli Rodriguez
9804,Jake Gonzalez
1549,Tyler Miller
2219,Sophia Wilson
9744,Ella Lee
4220,Ryan Williams
6032,Ava Moore
5614,Leo Anderson
9724,Kate Martin
9534,Mason Johnson
1615,Leo Moore
8277,Ryan Jackson
3652,Ethan Taylor
1188,Chloe Ramirez
2558,Mason Sanchez
3132,Jake Gonzalez
6076,Ella Harris
2351,Chloe Davis
4080,Jake Garcia
8483,Ian Martinez
9290,Ella Anderson
7520,Tyler Smith
4308,Ben Martinez
1963,Lucas Sanchez
6622,Lucas Brown
1906,Ava Harris
3751,Ian Harris
2581,Tyler Williams
4021,Liam Williams
1903,Kate Miller
6405,Eli Rodriguez
3914,Hannah Walker
5583,Quinn Hernandez
4737,Hannah Clark
2692,Alex Sanchez
5300,Grace Moore
8577,Diana Miller
5362,Noah Hernandez
8832,Ella Brown
9831,Ryan Lopez
6510,Tyler Miller
7100,Ethan Taylor
2220,Chris Smith
8878,Paul Ramirez
4811,Ava Lee
1661,Alex White
2306,Leo Gonzalez
9275,Ben Lee
4987,Grace Taylor
6394,Kate Hernandez
4535,Diana Smith
2296,Tyler Williams
1258,Tyler Jones
7730,Quinn Anderson
9954,Liam Miller
5223,Diana Perez
3479,Ryan Walker
7478,Noah Jackson
7739,Alex Thomas
7763,Noah White
8569,Mia Sanchez
6121,Kate Moore
4860,Chloe Brown
8423,Quinn Hernandez
3883,Jake Garcia
6879,Mason Davis
1608,Ian Davis
9565,Noah Lee
2921,Leo Davis
3246,Leo Wilson
6660,Zoe Johnson
9770,Paul Clark
3844,Diana Brown
6820,Ian Brown
7515,Diana Thompson
2221,Mason Hernandez
7526,Eli Lopez
9059,Ben Anderson
8214,Kate Perez
3730,Lucas Martinez
5361,James Jones
9170,Jake Williams
4061,Grace Johnson
6858,Paul Martin
8155,Ben Walker
3300,Sophia Rodriguez
4529,Chris Brown
9856,Grace Johnson
7183,Ryan Taylor
1033,Liam Lopez
8941,Noah Perez
2624,Olivia Harris
6033,Grace Wilson
5787,Lucas Lee
2671,Eli Rodriguez
7618,Tyler Rodriguez
5115,Hannah Wilson
2824,Alex Brown
6275,Ryan Lopez
5022,Leo Clark
9775,Olivia Thomas
9346,James Clark
2259,Hannah Jones
9912,Ava Hernandez
7543,Ben Jackson
1447,James Davis
1005,Paul Sanchez
2027,Sophia Thomas
8363,Mason Martin
3030,Leo Martinez
3227,Kate Lopez
1223,Chloe Wilson
1003,Leo Harris
8142,Liam Martin
2483,Ryan Walker
4512,Leo Rodriguez
9038,Olivia Brown
3739,Hannah Lewis
6798,Olivia Lopez
6512,Jake Garcia
4646,Kate Davis
2626,Liam Martin
4677,Mason Walker
2456,Grace Ramirez
8501,Ethan Hernandez
6165,Finn Davis
3199,Mason Walker
8380,Ethan Rodriguez
1446,Noah Sanchez
2610,Ryan Walker
9672,Kate Ramirez
2108,Hannah Sanchez
4324,Grace Lewis
6346,Jake Wilson
6828,Diana Thompson
9382,Ben Davis
8740,Eli Garcia
6877,Lucas Smith
2085,Ryan Lee
2064,Hannah Garcia
7807,Tyler Walker
6504,Ben Rodriguez
2341,Ella Sanchez
6025,Ryan Anderson
2196,Zoe Harris
1879,Ryan Jackson
1937,Alex Walker
8663,Lucas Brown
7821,Quinn Lopez
1823,Jake Anderson
7669,James Jackson
9387,Ryan Ramirez
6984,Zoe Harris
3689,Ethan Ramirez
8080,Paul Lewis
4385,Jake Rodriguez
7191,Noah Lewis
3412,Jake Anderson
9602,Ian Hernandez
3776,Lucas Davis
1523,Jake Hernandez
6104,Ryan Martin
4528,Jake Lewis
3218,Liam Brown
3637,Chris Garcia
4250,Ethan Johnson
7162,Ava White
5678,Kate Jackson
2933,Paul Walker
9664,Eli Gonzalez
5685,James Martin
5518,Olivia Taylor
5408,Ella Lopez
7657,Ben White
2902,Noah Garcia
1100,Ethan Ramirez
7114,Ben Smith
4901,Liam Walker
1338,Alex Moore
2986,Diana Garcia
4769,Zoe Smith
3940,Diana White
2040,Quinn Jones
8125,Lucas Sanchez
7784,Grace Wilson
1671,Paul Brown
9200,Finn Jones
6049,Mason Gonzalez
1141,Sophia Davis
6838,Liam Lee
6772,Ava Gonzalez
4335,Jake Martin
7322,Ian Harris
5183,Diana Brown
8325,Nora Johnson
7288,Ava Lewis
2075,Lucas Sanchez
9885,Zoe Johnson
6000,Chloe Ramirez
1672,Diana Lee
6537,Eli Gonzalez
8094,Ian Johnson
8086,Chris Thompson
3658,Diana Brown
4979,Quinn Jackson
8138,Diana Davis
4338,Leo Williams
5087,Nora Lopez
5170,Mason Lee
6835,Ella Sanchez
7453,Jake Martinez
7406,Kate Walker
2244,Eli Ramirez
2655,Liam Lopez
8343,Sophia Johnson
1252,James Sanchez
2429,Mason Wilson
4980,Ian Jackson
4889,Mason Smith
3002,Hannah Lopez
3931,Hannah Sanchez
3539,Chris Clark
8660,Grace Lopez
7421,Chris Wilson
2913,Quinn Walker
3166,Eli Ramirez
1922,Alex Lopez
3352,Tyler Martinez
9878,Jake Martin
9838,Ava Garcia
6423,Liam Lewis
2009,Quinn Wilson
8358,Liam Thompson
3233,Mason Sanchez
1463,Ethan Lee
3276,Nora Walker
3995,Ethan Thompson
9453,Ian Smith
3570,Mason Harris
8788,Nora Gonzalez
3630,Ian Thomas
7614,Chloe Thomas
9784,Mason Williams
5135,Nora Taylor
2132,Leo Davis
7425,Ben Moore
8224,Jake Williams
9659,Ian Davis
9836,James Martin
2187,Nora Sanchez
8044,Eli Jones
4174,Ethan Hernandez
8178,Ian Williams
1093,Ben Smith
4808,Paul Clark
2340,Ian Perez
8892,Ethan Harris
5934,Ella Garcia
4945,James Gonzalez
5428,Chris White
4149,Tyler Moore
2666,Ethan Jones
9955,Chris Brown
4051,Kate Lewis
6047,Ava Walker
9850,Ryan Miller
1435,Ella Miller
1248,Ben Anderson
2335,Alex Hernandez
6590,Quinn Lewis
6493,Liam Harris
5998,Leo Walker
7308,Ethan Anderson
2183,Ella Sanchez
7263,Paul Anderson
2454,Alex Anderson
2587,Kate Lopez
3005,Eli Sanchez
7147,Olivia Walker
6215,Ethan Lee
1316,Leo Johnson
3293,James Harris
2832,Chloe Hernandez
2716,Chris Garcia
2916,Mason Perez
7505,Olivia Moore
1808,Ethan Harris
1410,James White
9615,Lucas Davis
2010,Liam Lewis
4300,Ava Williams
9914,Eli Johnson
4721,Alex Lopez
3267,Leo Lewis
5528,Ben Smith
1510,Paul Garcia
5515,Lucas Sanchez
9640,Chloe Thompson
5485,Ben Williams
2279,Quinn Jones
8566,Noah Lee
2545,Nora Gonzalez
7073,Sophia Jones
7353,Ian Thompson
1907,Lucas Wilson
5192,Ryan Jones
9938,Nora Perez
7685,Eli Ramirez
8944,James Davis
9646,Paul Williams
6461,Chris Gonzalez
7531,Diana Ramirez
4339,Diana Gonzalez
9747,Diana Lewis
5547,Grace Gonzalez
6416,Finn Ramirez
8985,Kate Sanchez
6833,Finn Williams
7131,Ethan Clark
2379,Olivia Garcia
3009,Ryan Sanchez
6594,Olivia Garcia
4314,Grace Taylor
2544,James Harris
4126,Tyler Moore
8684,Ethan Smith
4826,Olivia Taylor
9887,Nora Rodriguez
7219,Quinn Jones
9935,Jake Lee
6831,Noah Davis
2360,Alex Lee
5851,James Martinez
1480,Ethan Lopez
7327,Kate Johnson
1323,Mason Jackson
2062,Liam Williams
4103,Chris Ramirez
3899,Leo Martin
1276,Ethan Wilson
9319,Paul Garcia
1436,Mason White
3394,Mia White
6017,Noah Thompson
9865,Lucas Rodriguez
2209,Sophia Davis
7002,Diana Lopez
1897,Chris Rodriguez
3417,Nora White
6111,Ava Lopez
3526,Olivia Harris
6492,Diana Thompson
3488,Ella Taylor
3413,Quinn Brown
7644,Sophia Moore
8711,Grace Garcia
7861,Grace Lewis
3906,Ella Lewis
1433,Ben Ramirez
2442,Quinn Anderson
7766,Mason Anderson
6185,Noah Walker
7513,Ethan Martinez
3985,Quinn Wilson
8784,Mason Ramirez
2249,Grace Sanchez
1231,Mason Rodriguez
4610,Nora Garcia
3306,Chloe Jones
6929,Leo Brown
2534,Liam Clark
2889,Tyler Taylor
1968,Mason Sanchez
4588,Ian Jackson
4026,Quinn Walker
4891,Ben Lewis
2618,Diana Jones
1730,Finn Miller
2239,Paul Thomas
3447,Ben Moore
1245,Ethan Harris
6051,James Thomas
6440,Ian Walker
4986,Mia Lewis
3459,Lucas Martin
4966,Chris Sanchez
6371,Ethan Ramirez
2252,Ben Jones
4783,Mason Lopez
7468,Mia Johnson
3385,Ethan Wilson
8065,Kate Moore
1522,Ben Rodriguez
6773,Lucas Thompson
4347,Chris Rodriguez
1613,Liam Gonzalez
4373,Nora Garcia
7248,Nora Sanchez
8958,Liam Brown
7272,Zoe Johnson
9846,Finn Lee
2947,Hannah White
1305,Ella Lopez
1560,Ben Miller
3052,Ethan Lopez
3428,Leo Thomas
7007,Nora Lewis
4941,Noah Lee
1288,Chloe Johnson
4370,Hannah Clark
8369,Noah Gonzalez
8409,Nora Davis
9340,Lucas Lee
6780,Chris Taylor
2036,Nora Sanchez
2292,Zoe White
7948,Jake Johnson
8629,Mason Martin
7903,Ryan Clark
7720,Hannah Anderson
9146,Paul Wilson
6351,Ava Sanchez
9279,Leo Miller
1227,Kate Wilson
1573,Jake White
5956,Lucas Taylor
5580,Zoe Lee
6790,Ben Smith
2331,Mason Lewis
5844,Diana Brown
6259,Jake Lee
1198,Ava Rodriguez
1977,Diana Brown
1034,Finn Moore
1571,Olivia Davis
2453,Lucas Williams
1099,Hannah Williams
6106,Noah White
6700,Mason Harris
6514,Diana Sanchez
9658,Paul Walker
3680,Nora Johnson
1789,Chloe Jones
8710,Kate Wilson
9763,Olivia Taylor
2471,Grace White
5594,Ben Thomas
5879,James Jones
6567,Zoe Johnson
1088,Finn Walker
3559,Olivia Lee
6338,Nora Thompson
4439,Grace Miller
3565,Quinn Harris
4113,Kate Johnson
7396,Nora Thomas
2362,Chris Rodriguez
2184,Lucas Thompson
5800,Mia Jones
8954,Alex Ramirez
2018,Kate Harris
9313,Chris Martinez
9611,Liam Williams
4169,Lucas Brown
8408,Chloe Williams
1574,Leo Lopez
7180,Alex Hernandez
8616,Zoe Johnson
1601,Ian Moore
1296,Ian Thompson
3737,Finn Thompson
8316,Alex Jackson
2551,Finn Taylor
6348,Kate Martin
8725,Ethan Jackson
2871,Mia Perez
5202,Quinn Lopez
6783,Paul Hernandez
9214,Grace Garcia
2355,Diana Hernandez
6082,Zoe Thompson
2988,Paul Clark
4881,Sophia Hernandez
4607,Liam Thompson
9357,Ethan Perez
7262,Jake Martin
4776,Leo Wilson
6495,Jake Martinez
9225,Sophia Gonzalez
2696,Leo Lewis
9263,Liam Wilson
1071,Alex Lee
2489,Ava Lopez
6910,Olivia Walker
8117,Quinn White
9801,Quinn Hernandez
1878,Eli Smith
9048,Olivia Garcia
4199,Nora Thomas
9570,Noah Davis
3309,Diana Rodriguez
6608,Nora Williams
9948,Mia Johnson
5734,Ben Rodriguez
3986,Sophia Anderson
1462,Tyler Sanchez
4454,Mia Jackson
5116,Chloe Sanchez
2657,Ethan Walker
5421,Nora Harris
6635,Jake Taylor
9312,Sophia Wilson
9728,Quinn Anderson
1841,Kate Jones
4969,Lucas Johnson
3831,Tyler Hernandez
7890,Paul Moore
5565,Mia Brown
8516,Ethan Lewis
4651,Nora Thompson
3451,Ian Smith
4064,Noah Rodriguez
4683,Sophia Thomas
2524,Mason Garcia
3650,Ella Jackson
7207,Ryan Anderson
1417,Sophia Ramirez
1084,Lucas Wilson
3622,Chloe Gonzalez
1465,Jake Sanchez
9978,Diana Brown
9539,Jake Davis
8793,Mason Rodriguez
5653,Jake Ramirez
4657,Chris White
5206,Nora Lopez
4455,Ben Williams
1267,Olivia Thomas
1611,Diana Lopez
7512,Noah Lopez
2467,Chloe Thomas
5366,Ella Jackson
8328,Tyler Thompson
2291,Lucas Jackson
4992,Mia Sanchez
2303,Chloe Harris
5171,James Lewis
1729,Hannah Sanchez
9758,Chloe Johnson
3245,Hannah Martinez
1849,James Martinez
2459,Eli Gonzalez
8721,Grace Ramirez
8814,Zoe Martin
6403,Hannah Gonzalez
1309,Ella Jones
5239,Lucas Moore
1339,Sophia Williams
7612,Ethan Smith
6080,Paul Rodriguez
9254,Olivia Walker
9353,Paul Gonzalez
4738,Diana Lewis
5369,Tyler Clark
9516,Mason Walker
2956,Nora Williams
3618,Ella Ramirez
5188,Leo White
1659,Noah Thomas
5578,Ella Johnson
3809,Ava Walker
8427,Finn Walker
1153,Paul Lewis
6865,Diana Sanchez
2357,Grace Martin
7395,Liam White
3582,Ben Smith
7154,Diana Anderson
2911,Nora Garcia
4778,Liam Davis
3584,Eli Wilson
6577,Mason Johnson
5370,Nora Lopez
5160,Tyler Lopez
9703,Finn Rodriguez
2067,Mason Jones
2845,Ben Lopez
3007,Kate Wilson
1164,Ben Rodriguez
6995,Mason Anderson
1291,Chris Gonzalez
2211,Ava Lopez
8869,Leo Walker
6945,Nora Walker
9417,Jake Gonzalez
5106,Tyler Jones
7836,Kate White
1744,Alex Johnson
2584,Jake Jones
8598,Kate Anderson
3674,Zoe Smith
6573,Nora Johnson
8918,Paul Lewis
6277,Ryan Clark
7626,Mason Lopez
6227,Ryan Miller
5010,Kate Sanchez
7189,Zoe Johnson
6491,Ava Hernandez
4577,Zoe Martinez
2462,Ava Lee
8438,James Rodriguez
1930,Olivia Anderson
5506,Olivia Taylor
6157,Jake Martin
8820,Zoe Johnson
2803,James Perez
5042,Mia Perez
7988,Chloe Davis
1959,Ryan Taylor
9757,Olivia Garcia
6370,Eli Garcia
7521,Ian Anderson
8920,Hannah Jones
6535,Zoe Hernandez
6870,Ethan Martin
6137,Ben Jones
8448,Noah Moore
7320,Eli Perez
4664,Ben Wilson
7839,Grace Rodriguez
6100,Finn Smith
7679,Kate Clark
6006,Mia Ramirez
2094,Quinn Lopez
5342,Ian Martin
9511,Chloe Moore
1836,Ethan Harris
9849,Zoe Thomas
9184,Noah Davis
6792,Alex Thompson
2689,Olivia Martin
1249,Kate Miller
9612,Finn Garcia
9795,Finn Davis
7686,Noah Moore
1111,James Wilson
2418,Ethan Ramirez
9975,Eli Thomas
2147,Kate Smith
9860,Ian Lewis
3310,Noah Smith
3156,Olivia White
4119,Paul Moore
1072,Jake Brown
8870,Kate Brown
3818,Ryan Thompson
1638,Chloe Miller
6434,Kate Lee
6673,Finn Garcia
3491,Ryan Brown
9100,James Perez
7132,Lucas Miller
5286,James Jones
9674,Zoe Jones
8706,Ava Hernandez
9571,Finn Martinez
2724,Ella Jackson
2152,Diana Lee
4002,James Sanchez
8848,Alex Martinez
5753,Chris Taylor
7408,Hannah Miller
5915,Jake Jones
8226,Quinn Davis
6094,Lucas Martin
3460,Finn Johnson
9691,Chris Williams
2574,Alex Davis
2643,Quinn Harris
1159,Quinn Thompson
9222,Ava Martin
1971,Noah Brown
3820,Kate Thomas
6675,Noah Johnson
6287,Ryan Miller
7506,Eli Williams
7053,Ava Lee
3076,Finn Walker
7899,Diana Davis
9917,Diana Harris
1285,Eli Miller
4885,Hannah Harris
3734,Eli Wilson
7661,Hannah Martinez
8557,Zoe Jackson
9459,Jake Brown
2342,Chloe Thompson
8953,Mason Jackson
7738,Lucas Smith
5952,Sophia Clark
1603,Ryan Lee
7645,Noah Thompson
9055,Quinn Lopez
8572,Liam Walker
4405,Nora Hernandez
9350,Noah Sanchez
2192,James White
7103,Noah Walker
3688,Olivia Ramirez
5290,Hannah Anderson
2605,Jake Martinez
